{
    "startlat": 51.582633,
    "startlon": -3.017480,
    "markers": []
}
