{
    "startlat": 51.5885086,
    "startlon": -2.9833096,
    "markers": []
}
